name,start_price,state
name,start_price,state
name,start_price,state
name,start_price,state
name,start_price,state
name,start_price,state
name,start_price,state
name,start_price,state
name,start_price,state
name,start_price,state
name,start_price,state
name,start_price,state
name,start_price,state
name,start_price,state
name,start_price,state
name,start_price,state
name,start_price,state
name,start_price,state
name,start_price,state
name,start_price,state
name,start_price,state
name,start_price,state
name,start_price,state
name,start_price,state
name,start_price,state
name,start_price,state
name,start_price,state
